Ranking,Name,Price,Body Location,Category,Company Name,Company URL,Company Location,Company City,Company US State,Company Country
318,"Runtastic - Arm band kit - for Runtastic Orbit",20.09,"Arms","Fitness","Runtastic","https://www.runtastic.com/","Pasching, Austria","Pasching","Non-US","Austria"
164,"Pyle PHRM38 Heart Rate Monitor Watch with minimum, Average Heart Rate, Calorie Counter and Target Zones, Black",21.22,"Wrist","Medical","Pyle","http://www.pyleaudio.com/","Brooklyn, New York, United States","Brooklyn","New York","United States"
18,"Pyle PPDE60 Pedometer with Personalized Calibration for Walking & Runn",21.32,"Waist","Fitness","Pyle","http://www.pyleaudio.com/","Brooklyn, New York, United States","Brooklyn","New York","United States"
128,"Skechers SK10 Go Walk Heart Rate Monitor Pulsebandz, Black/Silver",21.58,"Wrist","Fitness","Skechers","http://www.skechers.com/","Manhattan Beach, California, United States","Manhattan Beach","California","United States"
390,"Pyle PHRM34 Heart Rate Monitor Watch with Calorie Counter",22.25,"Chest","Fitness","Pyle","http://www.pyleaudio.com/","Brooklyn, New York, United States","Brooklyn","New York","United States"
54,"Sportline 310 Qlip - Activity tracker - monochrome - white",24.55,"Waist","Fitness","Sportline","http://www.sportline.com/","Elmsford, New York, United States","Elmsford","New York","United States"
138,"HealthSmart Ring Heart Rate Monitor, Red",24.78,"Wrist","Fitness","Healthsmart","http://www.healthsmart.com/","Irving, Texas, United States","Irving","Texas","United States"
219,"Belkin GS5 Sport Fit Armband, Black F8M918B1C00",24.99,"Arms","Fitness","Belkin","http://www.belkin.com/","Playa Vista, California, United States","Playa Vista","California","United States"
551,"YOO1 Activity Tracker with Trackit Jacket, Raspberry",24.99,"Waist","Lifestyle","Yoo","http://www.yoochallenge.com/","Ridgefield, Connecticut, United States","Ridgefield","Connecticut","United States"
330,"TomTom Comfort Strap, Dark Pink",24.99,"Wrist","Unknown","Tomtom","http://www.tomtom.com/","Amsterdam, Netherlands","Amsterdam","Non-US","Netherlands"
560,"Sportline WV1451BK Snapshot Pedometer Heart Rate Monitor",24.99,"Waist","Fitness","Sportline","http://www.sportline.com/","Elmsford, New York, United States","Elmsford","New York","United States"
50,"Sportline DS Pedometer SP345DS",24.99,"Waist","Fitness","Sportline","http://www.sportline.com/","Elmsford, New York, United States","Elmsford","New York","United States"
410,"Pyle PHRM38SL Heart Rate Monitor Watch, Silver",24.99,"Wrist","Medical","Pyle","http://www.pyleaudio.com/","Brooklyn, New York, United States","Brooklyn","New York","United States"
397,"IK Multimedia iRing White",24.99,"Hands","Entertainment","Ik Multimedia","http://www.ikmultimedia.com/","Modena, Italy","Modena","Non-US","Italy"
415,"Garmin Small Vivofit Replacement Bands, Black/Red/Slate",24.99,"Wrist","Fitness","Garmin","http://www.garmin.com/","Olathe, Kansas, United States","Olathe","Kansas","United States"
84,"Garmin - Wrist strap - large size - Blue, purple, teal - for Garmin vI_vofit",24.99,"Wrist","Unknown","Garmin","http://www.garmin.com/","Olathe, Kansas, United States","Olathe","Kansas","United States"
357,"Accessories Garmin Pack 3 Small Straps for Vivofit (orange,pink,green)",24.99,"Wrist","Lifestyle","Garmin","http://www.garmin.com/","Olathe, Kansas, United States","Olathe","Kansas","United States"
355,"Omron HJ329 Alvita Ultimate Digital Fitness Pedometer",25.0,"Waist","Fitness","Omron","http://www.omron.com/","Kyoto, Japan","Kyoto","Non-US","Japan"
574,"Low tech wearable Unisex T-Shirt",25.52,"Torso","Unknown","Unknown","Unknown","Unknown","Unknown","Unknown","Unknown"
353,"Sportline WV1916SL 370 Traq Pedometer",25.95,"Wrist","Fitness","Sportline","http://www.sportline.com/","Elmsford, New York, United States","Elmsford","New York","United States"
327,"Omron HJ-323U Five Function USB Pedometer-Retail Packaged",26.59,"Waist","Fitness","Omron","http://www.omron.com/","Kyoto, Japan","Kyoto","Non-US","Japan"
418,"Garmin tempe Wireless Temperature Sensor - Temperature sensor",26.95,"Waist","Lifestyle","Garmin","http://www.garmin.com/","Olathe, Kansas, United States","Olathe","Kansas","United States"
489,"Omron Strapless Heart Rate Monitor",27.51,"Wrist","Fitness","Omron","http://www.omron.com/","Kyoto, Japan","Kyoto","Non-US","Japan"
537,"Sony Classic Band Set for SWR10 SmartBand (Black/Blue/Orange, Small)",28.99,"Wrist","Lifestyle","Sony","http://www.sony.com/","Tokyo, Japan","Tokyo","Non-US","Japan"
247,"TomTom Comfort Strap - Turquoise",29.95,"Wrist","Lifestyle","Tomtom","http://www.tomtom.com/","Amsterdam, Netherlands","Amsterdam","Non-US","Netherlands"
57,"Casio Mens G-Shock Illuminator Black 200 Meters Alarm DW6900-1",29.99,"Wrist","Lifestyle","Casio","http://www.casio.com","Tokyo, Japan","Tokyo","Non-US","Japan"
35,"Sony Fashion Band Set for SWR10 SmartBand (White/Green/Pink, Small)",29.99,"Wrist","Lifestyle","Sony","http://www.sony.com/","Tokyo, Japan","Tokyo","Non-US","Japan"
369,"Skechers Go Walk SK2 Classic Strapless Heart Rate Monitor with Calorie Counter L",29.99,"Wrist","Fitness","Skechers","http://www.skechers.com/","Manhattan Beach, California, United States","Manhattan Beach","California","United States"
478,"Pyle Pswmr40gy Sports Mens Marathon Runner Watch W/ Target Time",30.0,"Wrist","Fitness","Pyle","http://www.pyleaudio.com/","Brooklyn, New York, United States","Brooklyn","New York","United States"
114,"ibitz - Kids PowerKey Wireless Activity Monitor - Watermelon",30.99,"Waist","Medical","Geopalz","http://geopalz.com/","Boulder, Colorado, United States","Boulder","Colorado","United States"
42,"Casio Mens W-S220C-4AVCF Tough Solar Runner Digital Display Quartz Re",33.49,"Wrist","Lifestyle","Casio","http://www.casio.com","Tokyo, Japan","Tokyo","Non-US","Japan"
76,"Dorcy 230L ZX Series Flashlight",33.74,"Hands","Industrial","Dorcy","http://www.dorcy.com/","Columbus, Ohio, United States","Columbus","Ohio","United States"
403,"Omron Pocket Pedometer with Health Management Software",33.9,"Waist","Fitness","Omron","http://www.omron.com/","Kyoto, Japan","Kyoto","Non-US","Japan"
545,"Bushnell 150l Rubicon Headlamp",34.99,"Head","Unknown","Bushnell","http://www.bushnell.com/","Overland Park, Kansas, United States","Overland Park","Kansas","United States"
313,"High Tech Pet MS-4 Digital, Water-Resistant Ultrasonic Collar",34.99,"Neck","Pets and Animals","High Tech Pet","http://www.hitecpet.com/","Ventura, California, United States","Ventura","California","United States"
345,"Garmin - Premium - Heart rate monitor - for Edge 705; Forerunner 305, and more",35.99,"Wrist","Fitness","Garmin","http://www.garmin.com/","Olathe, Kansas, United States","Olathe","Kansas","United States"
107,"Misfit Wearables - Band - Tan",35.99,"Wrist","Lifestyle","Misfit","http://misfit.com/","Burlingame, California, United States","Burlingame","California","United States"
498,"Garmin - Heart rate monitor - for Colorado 300,400c, and more",36.29,"Chest","Fitness","Garmin","http://www.garmin.com/","Olathe, Kansas, United States","Olathe","Kansas","United States"
309,"Casio Tough Solar Ana Digi Watch",36.31,"Wrist","Lifestyle","Casio","http://www.casio.com","Tokyo, Japan","Tokyo","Non-US","Japan"
110,"Casio AQW100-1AV Mens Digital/Analog Forester Active Dial Sports Wrist Watch W/Resin Band; Black",37.33,"Wrist","Lifestyle","Casio","http://www.casio.com","Tokyo, Japan","Tokyo","Non-US","Japan"
543,"Sportline CARDIO 630 (Women) - Activity tracker - monochrome - gray - with heart rate sensor",37.68,"Wrist","Fitness","Sportline","http://www.sportline.com/","Elmsford, New York, United States","Elmsford","New York","United States"
2,"Misfit Wearables Fitness Assessment Leather Band, Black",37.99,"Wrist","Fitness","Misfit","http://misfit.com/","Burlingame, California, United States","Burlingame","California","United States"
578,"Casio Men's Black Analog Anti Reverse Bezel Watch Black - C195470",38.38,"Wrist","Lifestyle","Casio","http://www.casio.com","Tokyo, Japan","Tokyo","Non-US","Japan"
443,"Smart Health Walking Fit EKG Accurate Heart Rate Watch",38.99,"Wrist","Medical","Smarthealth","http://smarthealthusa.com/","Fremont, California, United States","Fremont","California","United States"
95,"Sportline SP1921BK Solo 915 Heart Rate Watch Mens",38.99,"Wrist","Fitness","Sportline","http://www.sportline.com/","Elmsford, New York, United States","Elmsford","New York","United States"
65,"Pyle PPDM1 Digital Heart Rate Monitor",39.0,"Wrist","Fitness","Pyle","http://www.pyleaudio.com/","Brooklyn, New York, United States","Brooklyn","New York","United States"
514,"X-doria KidFit / Health and Fitness - Blue",39.0,"Wrist","Fitness","X-Doria","http://shop.x-doria.com/","Los Angeles, California, United States","Los Angeles","California","United States"
448,"Onanoff Magnum HD Noise-Isolating Earbuds with In-Line Mic, Gunmetal with Wearable Magneat",39.95,"Head","Entertainment","Onanoff","http://www.onanoff.com/","Miami, Florida, United States","Miami","Florida","United States"
194,"Casio WS220 Solar Runner Digital Wrist Watch; Navy Blue",39.99,"Wrist","Lifestyle","Casio","http://www.casio.com","Tokyo, Japan","Tokyo","Non-US","Japan"
414,"Motorola Moto 360 Wireless Charging Dock",39.99,"Wrist","Lifestyle","Motorola","http://www.motorola.com","Chicago, Illinois, United States","Chicago","Illinois","United States"
570,"LifeTrak C200 Core Fitness Watch - Black/White",39.99,"Wrist","Fitness","Lifetrak","http://lifetrakusa.com/","Fremont, California, United States","Fremont","California","United States"
38,"Casio Watches WV200A-1A Wave Ceptor Atomic Sports Watch",39.99,"Wrist","Lifestyle","Casio","http://www.casio.com","Tokyo, Japan","Tokyo","Non-US","Japan"
192,"YOO2 Bluetooth Smart Activity Tracker, Raspberry",39.99,"Waist","Lifestyle","Yoo","http://www.yoochallenge.com/","Ridgefield, Connecticut, United States","Ridgefield","Connecticut","United States"
168,"GoHeart Heart Rate Monitor GH100-US",40.52,"Chest","Lifestyle, Fitness","Papago","http://us.papagoinc.com/","Taipei, Taiwan","Taipei","Non-US","Taiwan"
283,"Polar FT1 Heart Rate Monitor",41.29,"Wrist","Fitness","Polar","http://www.polar.com/","Lake Success, New York, United States","Lake Success","New York","United States"
381,"Casio G-SHOCK Multi-Function Chronograph Alarm Sport Watch #DW-9052-1V",41.31,"Wrist","Lifestyle","Casio","http://www.casio.com","Tokyo, Japan","Tokyo","Non-US","Japan"
337,"CASIO Casio SGW300H-1AV Wrist Watch - Men Sports Chronograph Digital Quartz",41.99,"Wrist","Lifestyle","Casio","http://www.casio.com","Tokyo, Japan","Tokyo","Non-US","Japan"
153,"Sportline 4360011 Solo 915 Heart Rate Watch Womens",42.0,"Wrist","Fitness","Sportline","http://www.sportline.com/","Elmsford, New York, United States","Elmsford","New York","United States"
576,"Sportline CARDIO 660 (Mens) - Activity tracker - monochrome - black - with heart rate sensor",42.43,"Wrist","Fitness","Sportline","http://www.sportline.com/","Elmsford, New York, United States","Elmsford","New York","United States"
419,"Pyle PSWWM82 Digital Multifunction Sports Watch, Pink PYLPSWWM82PN",43.0,"Wrist","Lifestyle","Pyle","http://www.pyleaudio.com/","Brooklyn, New York, United States","Brooklyn","New York","United States"
405,"Pyle PSWWM82 Digital Multifunction Sports Watch, Yellow PYLPSWWM82YL",43.0,"Wrist","Lifestyle","Pyle","http://www.pyleaudio.com/","Brooklyn, New York, United States","Brooklyn","New York","United States"
372,"Casio AQS810W Solar Analog/Digital Wrist Watch; Navy/White",43.16,"Wrist","Lifestyle","Casio","http://www.casio.com","Tokyo, Japan","Tokyo","Non-US","Japan"
467,"Polar H1 Heart Rate Transmitter and Strap Set, XXL",44.95,"Chest","Fitness","Polar","http://www.polar.com/","Lake Success, New York, United States","Lake Success","New York","United States"
396,"Polar H6 - Heart rate sensor for Apple iPad (3rd generation); iPad mini; and more",44.98,"Wrist","Fitness","Polar","http://www.polar.com/","Lake Success, New York, United States","Lake Success","New York","United States"
547,"Pyle PSLPWMP5 Waterproof Pedometer & Lap/Calorie Counter with MP3 Play",45.24,"Head","Fitness","Pyle","http://www.pyleaudio.com/","Brooklyn, New York, United States","Brooklyn","New York","United States"
225,"Sportline Women's Cardio Coded Heart Rate Monitor SP1449WH",45.3,"Wrist","Fitness","Sportline","http://www.sportline.com/","Elmsford, New York, United States","Elmsford","New York","United States"
17,"Polar Wearlink Transmitter Nike + Heart Rate Sensor",45.45,"Chest","Fitness","Polar","http://www.polar.com/","Lake Success, New York, United States","Lake Success","New York","United States"
496,"Polar FT2 Heart Rate Monitor Blue, One Size",46.37,"Wrist","Fitness","Polar","http://www.polar.com/","Lake Success, New York, United States","Lake Success","New York","United States"
510,"Skechers Go Run SK11 Go Run 2.4 GHz (Black/Silver)",48.99,"Wrist","Fitness","Skechers","http://www.skechers.com/","Manhattan Beach, California, United States","Manhattan Beach","California","United States"
454,"Low tech wearable Hoodie (Pullover)",49.3,"Torso","Lifestyle","Unknown","Unknown","Unknown","Unknown","Unknown","Unknown"
106,"Sportline Men's Cardio Connect Heart Rate Monitor SP1088BK",49.95,"Chest","Medical","Sportline","http://www.sportline.com/","Elmsford, New York, United States","Elmsford","New York","United States"
82,"Scosche Rhythm Bluetooth Armband Heart Rate Monitor, Yellow/Black",49.97,"Arms","Fitness","Scosche","http://www.scosche.com/","Oxnard, California, United States","Oxnard","California","United States"
548,"Barska GB12166 Fitness Watch with Heart Rate Monitor",49.99,"Wrist","Fitness","Barska","http://www.barska.com/","Pomona, California, United States","Pomona","California","United States"
572,"Sportline CARDIO 630 (Mens) - Activity tracker - monochrome - black - with heart rate sensor",49.99,"Wrist","Fitness","Sportline","http://www.sportline.com/","Elmsford, New York, United States","Elmsford","New York","United States"
291,"Samsung Gear(tm) Fit Band in Red",49.99,"Wrist","Lifestyle","Samsung","http://www.samsung.com/","Seoul, South Korea","Seoul","Non-US","South Korea"
133,"Misfit Wearables Sport Necklace for Shine",49.99,"Neck","Fitness","Misfit","http://misfit.com/","Burlingame, California, United States","Burlingame","California","United States"
323,"Misfit - Flash Activity Tracker - Frost",49.99,"Wrist","Fitness","Misfit","http://misfit.com/","Burlingame, California, United States","Burlingame","California","United States"
300,"Casio Mens Solar Digital Analog Sport Watch",49.99,"Wrist","Lifestyle","Casio","http://www.casio.com","Tokyo, Japan","Tokyo","Non-US","Japan"
399,"Xtreme Cables XFit Fitness Band, Pink/Black - 2 pack",49.99,"Wrist","Fitness","Xtreme Cables","http://www.xtremecables.net/","Edison, New Jersey, United States","Edison","New Jersey","United States"
553,"Sportline DUO 1010 (Mens) - Activity tracker - monochrome - black - with heart rate sensor",49.99,"Wrist","Fitness","Sportline","http://www.sportline.com/","Elmsford, New York, United States","Elmsford","New York","United States"
506,"Samsung Gear(tm) Fit Band in Blue",49.99,"Wrist","Lifestyle","Samsung","http://www.samsung.com/","Seoul, South Korea","Seoul","Non-US","South Korea"
368,"Polar H7 - Heart rate sensor for Apple iPhone 4S, 5",51.98,"Chest","Fitness","Polar","http://www.polar.com/","Lake Success, New York, United States","Lake Success","New York","United States"
170,"Jawbone - Up Wristband (large) - Red",51.99,"Wrist","Lifestyle","Jawbone","https://www.jawbone.com/","San Francisco, California, United States","San Francisco","California","United States"
149,"Jawbone UP Fitness Tracker (Medium, Navy Blue)",52.29,"Wrist","Fitness","Jawbone","https://www.jawbone.com/","San Francisco, California, United States","San Francisco","California","United States"
231,"Casio Casio AMW-360B-1A1V Mens Analog Digital Silicone Strap Sports Watch",52.99,"Wrist","Lifestyle","Casio","http://www.casio.com","Tokyo, Japan","Tokyo","Non-US","Japan"
449,"Pyle PSBTFS40 Bluetooth Wireless Footpod Fitness & Training Sensor",52.99,"Feet","Fitness","Pyle","http://www.pyleaudio.com/","Brooklyn, New York, United States","Brooklyn","New York","United States"
388,"Striiv STRV01-003-0A Black Band Fitness Wristband with Activity/Sleep Tracking",53.99,"Wrist","Lifestyle, Fitness","Striiv","http://www.striiv.com/","Redwood City, California, United States","Redwood City","California","United States"
112,"Fitbit Zip Wireless Activity Tracker, Lime",53.99,"Waist","Fitness","Fitbit","http://www.fitbit.com/","San Francisco, California, United States","San Francisco","California","United States"
179,"180s Men's Foundation LED Glove",54.95,"Hands","Lifestyle","180s","http://www.180s.com/","Baltimore, Maryland, United States","Baltimore","Maryland","United States"
188,"Sportline SOLO 965 (Mens) - Activity tracker - black",54.95,"Wrist","Fitness","Sportline","http://www.sportline.com/","Elmsford, New York, United States","Elmsford","New York","United States"
214,"Polar - Stride Sensor Bluetooth Smart - Stride sensor - for Polar V800",54.95,"Wrist","Fitness","Polar","http://www.polar.com/","Lake Success, New York, United States","Lake Success","New York","United States"
257,"Polar 92052231 - H7 Heart Rate Sensor M-XXL - Pink",55.69,"Chest","Fitness","Polar","http://www.polar.com/","Lake Success, New York, United States","Lake Success","New York","United States"
359,"LifeTrak Zone C410 - Activity tracker - two-color (monochrome) - Bluetooth - white",55.99,"Wrist","Fitness","Lifetrak","http://lifetrakusa.com/","Fremont, California, United States","Fremont","California","United States"
157,"Men's casio sports running gear pedometer watch sgw200-1v",55.99,"Wrist","Lifestyle","Casio","http://www.casio.com","Tokyo, Japan","Tokyo","Non-US","Japan"
30,"Coleman CX5HD 5.0 MP Action camera - 720p - Metallic silver",56.0,"Head","Entertainment","Coleman","http://www.coleman.com/","Golden, Colorado, United States","Golden","Colorado","United States"
80,"Sportline SOLO 925 (Mens) - Activity tracker - monochrome - black",56.31,"Wrist","Fitness","Sportline","http://www.sportline.com/","Elmsford, New York, United States","Elmsford","New York","United States"
210,"Polar FT4 Heart Rate Monitor Watch, Green",57.44,"Wrist","Fitness","Polar","http://www.polar.com/","Lake Success, New York, United States","Lake Success","New York","United States"
424,"G1 Smartwatch /w Bluetooth Hands-Free Solution Large Black",57.97,"Wrist","Lifestyle","Mota","https://www.mota.com/","San Jose, California, United States","San Jose","California","United States"
582,"Jawbone - Up - Activity tracking wristband - small size - Blue - for Apple iPad; iPad 1; and more",57.99,"Wrist","Medical","Jawbone","https://www.jawbone.com/","San Francisco, California, United States","San Francisco","California","United States"
348,"Jawbone - Up Wristband (large) - Onyx",57.99,"Wrist","Lifestyle","Jawbone","https://www.jawbone.com/","San Francisco, California, United States","San Francisco","California","United States"
124,"Men's Casio Hunting Twin-Sensor Watch - multicolor (one size)",58.99,"Wrist","Lifestyle","Casio","http://www.casio.com","Tokyo, Japan","Tokyo","Non-US","Japan"
161,"Mota MT-SWG2BL Black Rechargeable Bluetooth Smartwatch G2 (Large Wrist model)",59.43,"Wrist","Lifestyle","Mota","https://www.mota.com/","San Jose, California, United States","San Jose","California","United States"
532,"TomTom BT Heart Rate Monitor One Color, One Size 14688754",59.6,"Chest","Fitness","Tomtom","http://www.tomtom.com/","Amsterdam, Netherlands","Amsterdam","Non-US","Netherlands"
66,"Jawbone UP Fitness Tracker (Medium, Red)",59.95,"Wrist","Fitness","Jawbone","https://www.jawbone.com/","San Francisco, California, United States","San Francisco","California","United States"
171,"Jawbone Up Blue Medium Tracking Wrist Band",59.95,"Wrist","Lifestyle","Jawbone","https://www.jawbone.com/","San Francisco, California, United States","San Francisco","California","United States"
223,"Casio Wrist Watch - Men - Sports - Anadigi - Quartz ...",59.96,"Wrist","Lifestyle","Casio","http://www.casio.com","Tokyo, Japan","Tokyo","Non-US","Japan"
356,"Sportline SOLO 965 (Womens) - Activity tracker - black",59.99,"Wrist","Fitness","Sportline","http://www.sportline.com/","Elmsford, New York, United States","Elmsford","New York","United States"
288,"Trionic Steampunk Ear Wearable Hearing Aid Wood Jewelry Realistic Tech Costume Prop Life Size",59.99,"Head","Medical","Trionic","http://www.trionic.us/","Glendale, California, United States","Glendale","California","United States"
12,"Sportline SOLO 925 (Womens) - Activity tracker - monochrome - pink",59.99,"Wrist","Fitness","Sportline","http://www.sportline.com/","Elmsford, New York, United States","Elmsford","New York","United States"
581,"Runtastic - Receiver and Heart Rate Monitor - Heart rate sensor",59.99,"Chest","Fitness","Runtastic","https://www.runtastic.com/","Pasching, Austria","Pasching","Non-US","Austria"
575,"Polar Heart Rate Monitors, Women's Fit, Pink/Purple",59.99,"Wrist","Fitness","Polar","http://www.polar.com/","Lake Success, New York, United States","Lake Success","New York","United States"
341,"Polar FT4 Heart Rate Monitorm, Men's, Silver/Black",59.99,"Wrist","Fitness","Polar","http://www.polar.com/","Lake Success, New York, United States","Lake Success","New York","United States"
136,"Omron-Heart Monitor W Tap Lens OMRHR310",59.99,"Wrist","Fitness","Omron","http://www.omron.com/","Kyoto, Japan","Kyoto","Non-US","Japan"
230,"LifeTrak Core C210 (Midnight Black/Titanium)",59.99,"Wrist","Fitness","Lifetrak","http://lifetrakusa.com/","Fremont, California, United States","Fremont","California","United States"
8,"Jawbone UP Wristband - Small - Retail Packaging - Light Grey",59.99,"Wrist","Lifestyle","Jawbone","https://www.jawbone.com/","San Francisco, California, United States","San Francisco","California","United States"
91,"Jawbone Up Activity Tracker Wristband, Small, Red",59.99,"Wrist","Lifestyle","Jawbone","https://www.jawbone.com/","San Francisco, California, United States","San Francisco","California","United States"
23,"Skechers SK23 Go Walk Activity Tracker/Sleep Monitor, Cranberry",60.19,"Wrist","Fitness","Skechers","http://www.skechers.com/","Manhattan Beach, California, United States","Manhattan Beach","California","United States"
371,"Smartwatch G2 MTSWG2WS",63.69,"Wrist","Lifestyle","Mota","https://www.mota.com/","San Jose, California, United States","San Jose","California","United States"
346,"HBsuper by HoodieBuddie Boys' Lightweight Hoodie, Sizes S-xl - Bloomingdale's Exclusive",64.0,"Torso","Lifestyle","Hoodiebuddie","http://www.hoodiebuddie.com/","Los Angeles, California, United States","Los Angeles","California","United States"
440,"LifeTrak Move Activity Tracking Fitness Watch, Black/Green",65.16,"Wrist","Fitness","Lifetrak","http://lifetrakusa.com/","Fremont, California, United States","Fremont","California","United States"
295,"Fabrication Enterprises E-10 Heart Rate Monitor, Green",65.44,"Wrist","Fitness","Fabrication Enterprises","http://www.fab-ent.com/","White Plains, New York, United States","White Plains","New York","United States"
83,"Sportline SP1045BK EB Brands Duo 1025 Mens Heart Rate Monitor",65.87,"Wrist","Fitness","Sportline","http://www.sportline.com/","Elmsford, New York, United States","Elmsford","New York","United States"
87,"Archos Activity Tracker 502590E",66.99,"Wrist","Fitness","Archos","http://www.archos.com/us/","Igny, France","Igny","Non-US","France"
491,"Casio G Shock Watch Solar Atom (gwm500a-1)",67.62,"Wrist","Lifestyle","Casio","http://www.casio.com","Tokyo, Japan","Tokyo","Non-US","Japan"
437,"Pyle PSBTHR70 Bluetooth Fitness Heart Rate Monitoring Watch with Wireless Data Transmission & Sensor, Blue",67.88,"Wrist","Fitness","Pyle","http://www.pyleaudio.com/","Brooklyn, New York, United States","Brooklyn","New York","United States"
265,"Polar FT7 - Activity tracker - monochrome - black/red - with heart rate sensor",68.0,"Wrist","Medical","Polar","http://www.polar.com/","Lake Success, New York, United States","Lake Success","New York","United States"
331,"Polar FT7 Heart Rate Monitor, Blue/Lilac",68.0,"Wrist","Fitness","Polar","http://www.polar.com/","Lake Success, New York, United States","Lake Success","New York","United States"
226,"Polar FT7 Heart Rate Monitor Red/Orange: Polar Heart Rate Monitors",68.0,"Wrist","Fitness","Polar","http://www.polar.com/","Lake Success, New York, United States","Lake Success","New York","United States"
147,"Runtastic - Heart Rate Combo Monitor RUNBT1",69.99,"Chest","Fitness","Runtastic","https://www.runtastic.com/","Pasching, Austria","Pasching","Non-US","Austria"
544,"Skechers GOwalk Heart Rate Monitor Fitwatch - Blue",69.99,"Wrist","Fitness","Skechers","http://www.skechers.com/","Manhattan Beach, California, United States","Manhattan Beach","California","United States"
70,"Polar FT7 - 91966-f7 - Health Care Biometric Heart Rate Monitors",70.99,"Chest","Medical","Polar","http://www.polar.com/","Lake Success, New York, United States","Lake Success","New York","United States"
373,"Jawbone UP Fitness Wristband - Onyx - Small (42245SPR)",72.59,"Wrist","Fitness","Jawbone","https://www.jawbone.com/","San Francisco, California, United States","San Francisco","California","United States"
552,"MIDLAND XTC260VP3 Action camera - 720p - Black, silver",73.31,"Head","Entertainment","Midland","https://midlandusa.com","Kansas City, Missouri, United States","Kansas City","Missouri","United States"
256,"Pyle PSBTHR60 Bluetooth Wireless Sport Training Heart Rate Monitor",74.99,"Chest","Fitness","Pyle","http://www.pyleaudio.com/","Brooklyn, New York, United States","Brooklyn","New York","United States"
458,"Sportline DUO 1060 (Womens) - Activity tracker - monochrome - white - with heart rate sensor",75.99,"Wrist","Fitness","Sportline","http://www.sportline.com/","Elmsford, New York, United States","Elmsford","New York","United States"
426,"High Tech Pet RX-10 Dog Collar for Pet Doors",76.29,"Neck","Pets and Animals","High Tech Pet","http://www.hitecpet.com/","Ventura, California, United States","Ventura","California","United States"
278,"Accusplit AE920HRM Strapless Heart Monitor, Black",76.99,"Wrist","Fitness","Accusplit","http://www.accusplit.com/","Pleasanton, California, United States","Pleasanton","California","United States"
316,"Polar Loop - Activity tracker - 4 MB - Bluetooth - 1.3 oz - black",77.95,"Wrist","Fitness","Polar","http://www.polar.com/","Lake Success, New York, United States","Lake Success","New York","United States"
158,"Polar - Loop Activity Tracker - Purple",77.95,"Wrist","Fitness","Polar","http://www.polar.com/","Lake Success, New York, United States","Lake Success","New York","United States"
198,"Ifit Tracker Band & Clip",79.0,"Wrist","Fitness","Ifit","https://www.ifit.com/","Taipei, Taiwan","Taipei","Non-US","Taiwan"
9,"Mota G2 Pro Bluetooth Smartwatch for iPhone and Android - Silver",79.95,"Wrist","Entertainment","Mota","https://www.mota.com/","San Jose, California, United States","San Jose","California","United States"
186,"VIONIC with Orthaheel Technology Bedford Slide On Mule Women's Clog Shoes",79.95,"Feet","Unknown","Vionic","https://www.vionicshoes.com/","San Rafael, California, United States","San Rafael","California","United States"
246,"Polar Wear Link Bluetooth Transmitter Set (Medium/XX-Large)",79.95,"Chest","Fitness","Polar","http://www.polar.com/","Lake Success, New York, United States","Lake Success","New York","United States"
253,"Garmin Vivofit Fitness Bracelet",79.99,"Wrist","Fitness","Garmin","http://www.garmin.com/","Olathe, Kansas, United States","Olathe","Kansas","United States"
338,"Striiv Touch Fitness Smart Wrist - Black STRV010040A",79.99,"Wrist","Fitness","Striiv","http://www.striiv.com/","Redwood City, California, United States","Redwood City","California","United States"
36,"Smartwatch G2 MTSWG2WL",79.99,"Wrist","Lifestyle","Mota","https://www.mota.com/","San Jose, California, United States","San Jose","California","United States"
190,"Smartwatch G2 MTSWG2BS",79.99,"Wrist","Lifestyle","Mota","https://www.mota.com/","San Jose, California, United States","San Jose","California","United States"
177,"MOTA Mota MT-SWG2BL Wrist Watch - Smartwatch G2 Digital Quartz",79.99,"Wrist","Lifestyle","Mota","https://www.mota.com/","San Jose, California, United States","San Jose","California","United States"
297,"Misfit Wearables Bloom Necklace for Shine",79.99,"Neck","Lifestyle","Misfit","http://misfit.com/","Burlingame, California, United States","Burlingame","California","United States"
340,"Ematic - ESW454W - Ematic SmartWatch - Digital - Quartz",79.99,"Wrist","Lifestyle","Ematic","http://www.ematic.us/","Los Angeles, California, United States","Los Angeles","California","United States"
435,"Casio Mens EFA119BK-1AV Ana-Digi Edifice Stainless Steel Watch",79.99,"Wrist","Lifestyle","Casio","http://www.casio.com","Tokyo, Japan","Tokyo","Non-US","Japan"
558,"Jawbone - Up - Activity tracking wristband - large size - Blue - for Apple iPad; iPad 1; and more",79.99,"Wrist","Medical","Jawbone","https://www.jawbone.com/","San Francisco, California, United States","San Francisco","California","United States"
197,"Vuzix 418T00011 Wrap 1200DX Digital Video Eyewear, Black",81.87,"Head","Gaming","Vuzix","http://www.vuzix.com/","Rochester, New York, United States","Rochester","New York","United States"
152,"Impact Sports Technologies ePulse2 Heart Rate Monitor and Calorimeter",83.63,"Wrist","Medical","Impact Sports Technologies","http://www.impactsports.com/","Las Vegas, Nevada, United States","Las Vegas","Nevada","United States"
549,"Adafruit Industries 1090 Flora GPS Sensor Module Pack",85.72,"Waist","Unknown","Adafruit Industries","http://www.adafruit.com/","New York City, New York, United States","New York City","New York","United States"
382,"Polar RS300X Heart Rate Monitor Watch, Black",85.97,"Wrist","Fitness","Polar","http://www.polar.com/","Lake Success, New York, United States","Lake Success","New York","United States"
293,"Mota MT-G2PBR Smartwatch G2 Pro Black Large Bluetooth NFC Voice Activation",87.89,"Wrist","Lifestyle","Mota","https://www.mota.com/","San Jose, California, United States","San Jose","California","United States"
431,"Misfit Wearables Shine Activity and Sleep Monitor Champagne SH0HZ",89.88,"Wrist","Lifestyle","Misfit","http://misfit.com/","Burlingame, California, United States","Burlingame","California","United States"
183,"Samsung Galaxy Gear Smartwatch (Rose Gold)",89.95,"Wrist","Lifestyle","Samsung","http://www.samsung.com/","Seoul, South Korea","Seoul","Non-US","South Korea"
145,"Fitbit One Wireless Activity & Sleep Tracker, Burgundy",89.95,"Waist","Lifestyle","Fitbit","http://www.fitbit.com/","San Francisco, California, United States","San Francisco","California","United States"
222,"Polar S-1 Foot Pod 91027204",89.99,"Feet","Fitness","Polar","http://www.polar.com/","Lake Success, New York, United States","Lake Success","New York","United States"
556,"GoFit GF-WTSLD Power Sled with Harness & Strap",91.99,"Torso","Fitness","Gofit","http://www.gofit.net/","Tulsa, Oklahoma, United States","Tulsa","Oklahoma","United States"
71,"Ematic SmartWatch - Digital - Quartz ...",92.95,"Wrist","Lifestyle","Ematic","http://www.ematic.us/","Los Angeles, California, United States","Los Angeles","California","United States"
234,"Magellan Echo Fitness Watch, Gray MENTW0103SGXNA",93.36,"Wrist","Fitness","Magellan","http://www.magellangps.com/","Taipei, Taiwan","Taipei","Non-US","Taiwan"
217,"Fitbit Flex Wireless Activity & Sleep Tracker Wristband, Slate",94.0,"Wrist","Fitness","Fitbit","http://www.fitbit.com/","San Francisco, California, United States","San Francisco","California","United States"
174,"Fitbit Flex Cordless Activity/Sleep Tracker - Black",94.95,"Wrist","Fitness","Fitbit","http://www.fitbit.com/","San Francisco, California, United States","San Francisco","California","United States"
494,"Ekho FiT-9 Women's Heart Rate Monitor 12-2041",95.12,"Wrist","Medical","Ekho","http://www.ekho.us/","Dallas, Texas, United States","Dallas","Texas","United States"
434,"Mio - Link Sport Wristband Heart Rate Monitor (Large) - Slate",96.99,"Wrist","Medical","Mio","http://www.mioglobal.com/","Vancouver, Canada","Vancouver","Non-US","Canada"
102,"Wearable smart watch phone smart wristwatch smart phone with fitness t China",98.53,"Wrist","Fitness","Unknown","Unknown","Unknown","Unknown","Unknown","Unknown"
264,"Ematic Smart Watch (Black)",99.0,"Wrist","Lifestyle","Ematic","http://www.ematic.us/","Los Angeles, California, United States","Los Angeles","California","United States"
580,"Runtastic Orbit - Activity tracker - monochrome - Bluetooth",99.0,"Wrist","Lifestyle","Runtastic","https://www.runtastic.com/","Pasching, Austria","Pasching","Non-US","Austria"
370,"Nike+ FuelBand SE - Medium/Large - activity tracker - Bluetooth - 1.1 oz - black, pink foil",99.0,"Wrist","Fitness","Nike","http://www.nike.com/","Beaverton, Oregon, United States","Beaverton","Oregon","United States"
32,"Men's ourCaste 'The Saul - Tech' Waterproof Stretch Jacket Mens Light Grey Size Small",99.0,"Torso","Lifestyle","Ourcaste","http://ourcaste.com/","Newport Beach, California, United States","Newport Beach","California","United States"
121,"Polar G1 GPS Speed and Distance Sensor for FT60 / FT80",99.43,"Arms","Fitness","Polar","http://www.polar.com/","Lake Success, New York, United States","Lake Success","New York","United States"
492,"Golf Buddy Voice GPS Range Finder",99.95,"Wrist","Lifestyle","Golf Buddy","http://www.golfbuddyglobal.com/","La Palma, California, United States","La Palma","California","United States"
387,"Withings Pulse Activity Sleep/Heart Rate Monitor 70011803",99.95,"Chest","Fitness","Withings","http://www.withings.com/","Issy-les-Moulineaux, France","Issy-les-Moulineaux","Non-US","France"
127,"Jawbone UP24 Activity Tracker",99.99,"Wrist","Lifestyle","Jawbone","https://www.jawbone.com/","San Francisco, California, United States","San Francisco","California","United States"
206,"Whistle BK897541 WhistleTM Wireless Activity Monitor for Dogs",99.99,"Neck","Pets and Animals","Whistle","http://www.whistle.com/","San Francisco, California, United States","San Francisco","California","United States"
377,"Striiv Fusion Band",99.99,"Wrist","Lifestyle","Striiv","http://www.striiv.com/","Redwood City, California, United States","Redwood City","California","United States"
482,"Samsung Galaxy Gear Fit - Activity tracker - 1.84'' - Bluetooth - 1 oz - charcoal black",99.99,"Wrist","Lifestyle","Samsung","http://www.samsung.com/","Seoul, South Korea","Seoul","Non-US","South Korea"
100,"Polar FT60F Exercise Watch / Heart Rate Monitor- Black",99.99,"Wrist","Fitness","Polar","http://www.polar.com/","Lake Success, New York, United States","Lake Success","New York","United States"
438,"Pebble Smartwatch with Automatic Lap Counter",99.99,"Wrist","Lifestyle","Pebble","http://www.getpebble.com","Palo Alto, California, United States","Palo Alto","California","United States"
466,"Pebble Smart Watch for iPhone and Android Devices (Black)",99.99,"Wrist","Lifestyle","Pebble","http://www.getpebble.com","Palo Alto, California, United States","Palo Alto","California","United States"
37,"Papago GoLife Care Smart Fit Band (Silver/White)",99.99,"Wrist","Fitness","Papago","http://us.papagoinc.com/","Taipei, Taiwan","Taipei","Non-US","Taiwan"
391,"Misfit Shine Activity Tracker in Silver",99.99,"Wrist","Lifestyle","Misfit","http://misfit.com/","Burlingame, California, United States","Burlingame","California","United States"
116,"Misfit Shine Activity Monitor - Wine",99.99,"Wrist","Fitness","Misfit","http://misfit.com/","Burlingame, California, United States","Burlingame","California","United States"
566,"Jawbone Wristband, persimmon, Medium",99.99,"Wrist","Lifestyle","Jawbone","https://www.jawbone.com/","San Francisco, California, United States","San Francisco","California","United States"
274,"Garmin HRM-Run Heart Rate Monitor Black",99.99,"Chest","Fitness","Garmin","http://www.garmin.com/","Olathe, Kansas, United States","Olathe","Kansas","United States"
457,"Garmin Forerunner 10 GPS Running Watch, Black/Red",99.99,"Wrist","Fitness","Garmin","http://www.garmin.com/","Olathe, Kansas, United States","Olathe","Kansas","United States"
162,"Casio Shock G100-1bv Black Rubber Strap Digital Analog 20 Bar 200m",99.99,"Wrist","Lifestyle","Casio","http://www.casio.com","Tokyo, Japan","Tokyo","Non-US","Japan"
298,"Misfit Wearables Topaz Shine Activity Tracker - SH0GZ",99.99,"Wrist","Fitness","Misfit","http://misfit.com/","Burlingame, California, United States","Burlingame","California","United States"
77,"Jawbone UP24 Bluetooth Activity Tracker - Small - Onyx",99.99,"Wrist","Lifestyle","Jawbone","https://www.jawbone.com/","San Francisco, California, United States","San Francisco","California","United States"
